user,movie,rating
1,2,4.0
1,3,5.0
1,6,4.0
1,8,3.0
1,11,3.0
1,12,3.0
1,14,2.0
2,3,4.0
2,4,4.0
2,5,5.0
2,7,5.0
2,8,4.0
2,11,4.0
2,15,3.0
2,16,4.0
2,17,4.0
3,3,4.0
3,4,3.0
3,5,5.0
3,7,5.0
3,8,5.0
3,11,3.0
3,12,5.0
3,14,5.0
3,15,3.0
3,16,5.0
4,2,5.0
4,5,3.0
4,7,5.0
4,8,5.0
4,12,5.0
5,2,5.0
5,3,5.0
5,5,3.0
5,7,4.0
5,8,3.0
5,12,5.0
5,15,2.0
6,1,4.0
6,3,5.0
6,5,5.0
6,6,5.0
6,8,4.0
6,15,4.0
7,1,3.0
7,5,4.0
7,8,4.0
7,12,5.0
8,2,5.0
8,7,5.0
8,8,5.0
8,12,5.0
8,15,5.0
9,1,5.0
9,2,1.0
9,3,5.0
9,4,1.0
9,5,5.0
9,6,1.0
9,7,1.0
9,8,5.0
9,9,1.0
9,10,1.0
9,11,5.0
9,12,1.0
9,13,1.0
9,14,1.0
9,15,4.0
9,16,4.0
9,17,1.0
9,18,1.0
9,19,1.0
9,20,1.0
10,1,5.0
10,5,5.0
10,7,5.0
10,8,5.0
10,11,4.0
10,15,3.0
10,16,3.0
11,1,5.0
11,2,5.0
11,3,4.0
11,4,4.0
11,5,5.0
11,6,4.0
11,7,5.0
11,8,5.0
11,11,5.0
11,13,5.0
11,14,5.0
11,15,5.0
11,16,5.0
11,18,5.0
11,19,1.0
11,20,1.0
12,3,4.0
12,5,5.0
12,6,5.0
12,8,5.0
12,15,4.0
12,16,5.0
13,5,4.0
13,7,5.0
13,8,5.0
13,15,4.0
14,1,5.0
14,2,5.0
14,3,5.0
14,4,4.0
14,5,5.0
14,6,4.0
14,7,5.0
14,8,5.0
14,9,5.0
14,11,3.0
14,12,5.0
14,14,5.0
14,15,2.0
14,16,3.0
15,2,5.0
15,3,5.0
15,5,4.0
15,6,4.0
15,7,5.0
15,8,5.0
15,11,5.0
15,12,5.0
15,15,3.0
16,1,3.0
16,3,5.0
16,4,5.0
16,5,4.0
16,7,4.0
16,8,4.0
16,9,5.0
16,11,3.0
16,12,5.0
16,15,4.0
17,2,5.0
17,3,5.0
17,5,4.0
17,7,5.0
17,8,4.0
17,12,5.0
17,15,4.0
17,16,4.0
18,1,4.0
18,3,4.0
18,5,4.0
18,7,4.0
18,8,4.0
18,14,3.0
18,15,3.0
18,16,3.0
19,1,4.0
19,2,5.0
19,3,5.0
19,5,5.0
19,8,4.0
19,11,5.0
19,12,5.0
19,13,5.0
19,14,5.0
19,15,4.0
19,16,5.0
20,1,4.0
20,3,4.0
20,7,4.0
20,8,5.0
20,11,4.0
20,14,5.0
20,15,5.0
20,16,4.0
20,17,5.0
20,20,4.0
21,1,3.0
21,3,3.0
21,5,5.0
21,7,5.0
21,13,3.0
21,15,5.0
21,17,4.0
22,2,4.0
22,3,5.0
22,5,2.0
22,7,4.0
22,8,3.0
22,9,5.0
22,11,2.0
22,12,5.0
22,14,1.0
22,15,1.0
22,16,1.0
23,5,5.0
23,6,5.0
23,15,5.0
25,8,1.0
25,17,1.0
25,18,1.0
26,1,1.0
26,2,1.0
26,3,1.0
26,4,4.0
26,5,5.0
26,6,5.0
26,7,5.0
26,8,2.0
26,9,2.0
26,10,2.0
26,11,3.0
26,12,3.0
26,13,5.0
26,14,5.0
26,15,5.0
26,16,4.0
26,17,4.0
26,18,4.0
26,19,4.0
26,20,4.0
27,1,3.0
27,2,3.0
27,3,5.0
27,4,5.0
27,5,5.0
27,6,4.0
27,7,3.0
27,8,4.0
27,9,4.0
27,10,4.0
27,11,4.0
27,12,4.0
27,13,5.0
27,14,5.0
27,15,5.0
27,16,5.0
27,17,5.0
27,18,5.0
27,19,5.0
27,20,5.0
28,2,5.0
28,5,5.0
28,6,5.0
28,7,5.0
28,8,5.0
28,11,5.0
28,12,5.0
28,13,5.0
28,15,5.0
29,2,4.0
29,3,4.0
29,5,4.0
29,6,4.0
29,7,4.0
29,8,4.0
29,9,4.0
29,10,4.0
29,11,4.0
29,12,5.0
29,14,4.0
29,15,3.0
29,16,4.0
29,20,5.0
30,1,3.0
30,2,4.0
30,3,4.0
30,4,5.0
30,5,5.0
30,6,5.0
30,7,5.0
30,8,5.0
30,11,4.0
30,12,5.0
30,15,5.0
31,1,4.0
31,2,5.0
31,3,5.0
31,4,4.0
31,5,5.0
31,6,4.0
31,7,4.0
31,8,4.0
31,10,4.0
31,11,4.0
31,12,3.0
31,13,4.0
31,14,3.0
31,15,3.0
31,16,3.0
31,17,3.0
31,18,3.0
31,19,3.0
31,20,3.0
32,1,3.0
32,2,2.0
32,3,4.0
32,4,1.0
32,5,1.0
32,6,1.0
32,7,5.0
32,8,4.0
32,11,3.0
32,12,5.0
32,15,3.0
32,16,2.0
33,1,3.0
33,2,3.0
33,3,4.0
33,5,5.0
33,6,4.0
33,8,3.0
33,10,3.0
33,11,4.0
33,14,5.0
33,15,5.0
33,16,5.0
34,1,3.0
34,2,5.0
34,3,5.0
34,5,4.0
34,7,4.0
34,8,4.0
34,9,5.0
34,12,5.0
34,14,4.0
34,15,1.0
35,3,4.0
35,5,4.0
35,7,4.0
35,8,3.0
35,15,3.0
36,1,4.0
36,3,3.0
36,5,2.0
36,7,5.0
36,8,5.0
36,11,4.0
36,13,4.0
36,14,5.0
36,15,4.0
36,16,5.0
37,1,5.0
37,3,5.0
37,5,5.0
37,7,5.0
37,8,5.0
37,14,5.0
37,15,3.0
37,16,3.0
38,1,4.0
38,2,3.0
38,3,4.0
38,5,3.0
38,7,4.0
38,8,4.0
38,11,4.0
38,12,4.0
38,15,2.0
39,2,3.0
39,3,4.0
39,4,4.0
39,5,4.0
39,11,4.0
39,12,5.0
39,13,4.0
39,14,4.0
39,16,1.0
40,1,4.0
40,3,5.0
40,5,5.0
40,8,5.0
40,15,5.0
41,1,3.0
41,2,5.0
41,3,4.0
41,4,2.0
41,5,4.0
41,6,3.0
41,7,5.0
41,8,4.0
41,11,4.0
41,12,5.0
41,14,4.0
41,15,2.0
41,16,5.0
41,18,3.0
42,5,5.0
42,8,2.0
42,11,4.0
42,15,4.0
42,16,5.0
43,1,4.0
43,2,5.0
43,5,5.0
43,8,5.0
43,11,5.0
43,14,4.0
43,15,4.0
43,16,5.0
44,2,4.0
44,5,3.0
44,7,5.0
44,8,5.0
44,11,4.0
44,15,4.0
44,16,4.0
45,1,4.0
45,2,4.0
45,3,5.0
45,5,5.0
45,7,5.0
45,8,5.0
45,11,4.0
45,12,5.0
45,15,4.0
46,1,5.0
46,2,3.0
46,3,4.0
46,4,5.0
46,8,5.0
46,15,3.0
47,1,5.0
47,3,5.0
47,4,4.0
47,5,3.0
47,8,5.0
47,11,5.0
47,12,5.0
47,15,2.0
48,3,4.0
48,5,3.0
48,8,5.0
48,15,5.0
49,7,5.0
50,1,4.0
50,2,5.0
50,3,5.0
50,4,3.0
50,5,4.0
50,7,4.0
50,8,3.0
50,11,5.0
50,13,3.0
50,15,2.0
51,1,2.0
51,2,4.0
52,3,4.0
52,5,4.0
52,11,4.0
52,16,5.0
53,3,5.0
53,5,4.0
53,6,3.0
53,7,4.0
53,8,4.0
53,11,4.0
53,15,3.0
53,16,4.0
54,1,4.0
54,2,1.0
54,3,4.0
54,4,5.0
54,5,2.0
54,6,5.0
54,7,3.0
54,8,4.0
54,9,3.0
54,10,4.0
54,11,3.0
54,12,3.0
54,13,4.0
54,14,4.0
54,15,5.0
54,16,4.0
54,17,4.0
54,18,3.0
54,19,3.0
54,20,2.0
55,2,3.0
55,3,5.0
55,4,5.0
55,5,5.0
55,7,4.0
55,8,5.0
55,11,5.0
55,12,4.0
55,15,4.0
55,16,4.0
56,1,5.0
56,2,5.0
56,3,5.0
56,4,3.0
56,5,3.0
56,6,3.0
56,7,4.0
56,8,4.0
56,9,3.0
56,10,3.0
56,11,3.0
56,12,5.0
56,13,3.0
56,14,4.0
56,15,2.0
56,16,3.0
56,17,3.0
56,18,3.0
56,19,4.0
56,20,4.0
57,1,3.0
57,3,5.0
57,5,4.0
57,7,5.0
57,8,5.0
57,15,5.0
57,16,5.0
57,17,5.0
58,3,4.0
58,8,3.0
58,10,3.0
58,11,4.0
59,1,3.0
59,2,3.0
59,3,4.0
59,4,4.0
59,5,5.0
59,6,4.0
59,8,4.0
59,11,4.0
59,14,4.0
59,15,5.0
59,16,4.0
59,17,4.0
59,20,5.0
60,2,5.0
60,14,5.0
60,15,5.0
49,3,5.0
49,15,5.0
61,3,5.0
61,5,5.0
61,8,4.0
61,14,3.0
61,15,4.0
62,2,5.0
62,5,3.0
62,8,5.0
62,13,3.0
46,1,5.0
46,2,3.0
46,3,5.0
46,15,4.0
63,5,4.0
63,8,5.0
63,15,3.0
64,1,1.0
64,2,5.0
64,3,2.0
64,4,4.0
64,5,3.0
64,7,5.0
64,8,2.0
64,9,5.0
64,11,3.0
64,12,5.0
64,15,1.0
64,16,1.0
64,17,1.0
64,18,1.0
64,19,5.0
64,20,5.0
65,1,4.0
65,2,5.0
65,3,5.0
65,4,3.0
65,5,5.0
65,6,3.0
65,7,5.0
65,8,5.0
65,9,3.0
65,10,4.0
65,11,5.0
65,12,5.0
65,13,5.0
65,14,5.0
65,15,5.0
65,16,5.0
66,1,3.0
66,2,5.0
66,3,4.0
66,5,5.0
66,7,5.0
66,8,5.0
66,11,4.0
66,12,4.0
66,16,4.0
67,3,5.0
67,5,5.0
67,7,5.0
67,8,4.0
67,11,4.0
67,12,4.0
67,13,5.0
67,16,5.0
68,2,5.0
68,3,4.0
68,5,4.0
68,7,5.0
68,8,5.0
68,12,5.0
68,15,2.0
68,16,5.0
69,2,5.0
69,5,4.0
69,7,5.0
69,8,4.0
69,11,3.0
69,12,5.0
70,1,4.0
70,2,5.0
70,5,4.0
70,7,5.0
70,8,5.0
70,12,4.0
71,5,4.0
71,7,4.0
71,8,4.0
71,15,4.0
72,2,5.0
72,3,5.0
72,4,4.0
72,5,5.0
72,6,5.0
72,7,1.0
72,8,3.0
72,10,5.0
72,11,2.0
72,12,5.0
72,13,4.0
72,14,1.0
72,15,1.0
72,16,5.0
72,20,4.0
73,1,3.0
73,2,4.0
73,3,2.0
73,5,5.0
73,7,5.0
73,8,4.0
73,9,5.0
73,11,3.0
73,12,5.0
73,14,2.0
73,15,1.0
73,16,3.0
74,1,5.0
74,3,5.0
74,5,5.0
74,6,4.0
74,7,4.0
74,8,5.0
74,11,3.0
74,12,5.0
74,13,5.0
74,15,3.0
74,16,3.0
75,1,4.0
75,2,4.0
75,3,4.0
75,4,2.0
75,5,5.0
75,7,2.0
75,8,3.0
75,12,3.0
75,14,2.0
75,15,1.0
75,16,1.0
76,2,2.0
76,3,5.0
76,7,2.0
76,8,2.0
76,9,3.0
76,11,2.0
76,12,4.0
76,14,5.0
76,15,2.0
76,16,4.0
77,2,5.0
77,3,4.0
77,4,4.0
77,5,5.0
77,7,5.0
77,8,5.0
77,11,5.0
77,15,5.0
77,16,5.0
77,17,5.0
78,2,4.0
78,3,5.0
78,5,4.0
78,8,4.0
78,11,4.0
78,15,3.0
78,16,5.0
79,1,4.0
79,2,4.0
79,3,3.0
79,4,2.0
79,5,3.0
79,6,3.0
79,7,4.0
79,8,5.0
79,9,2.0
79,10,4.0
79,11,4.0
79,12,3.0
79,13,3.0
79,14,3.0
79,15,5.0
79,16,3.0
79,17,3.0
79,18,3.0
79,19,2.0
79,20,3.0
80,5,5.0
80,6,4.0
80,7,5.0
80,8,5.0
80,11,3.0
80,15,2.0
80,16,4.0
81,2,4.0
81,3,5.0
81,4,2.0
81,5,3.0
81,7,4.0
81,8,3.0
81,10,4.0
81,15,3.0
81,16,3.0
67,1,4.0
67,2,5.0
67,3,5.0
67,5,5.0
67,7,5.0
67,8,5.0
67,11,5.0
67,14,2.0
67,15,2.0
67,16,2.0
67,17,2.0
67,18,2.0
67,19,2.0
67,20,2.0
82,1,3.0
82,2,5.0
82,3,5.0
82,5,4.0
82,6,5.0
82,7,5.0
82,8,3.0
82,11,3.0
82,12,5.0
82,16,5.0
83,1,5.0
83,5,5.0
83,11,5.0
83,12,4.0
84,5,5.0
84,15,4.0
85,1,3.0
85,3,4.0
85,5,5.0
85,7,4.0
85,8,5.0
85,10,4.0
85,17,4.0
85,20,5.0
86,2,5.0
86,3,5.0
86,5,5.0
86,7,2.0
86,12,4.0
86,15,2.0
87,1,1.0
87,2,4.0
87,3,5.0
87,4,5.0
87,5,5.0
87,6,5.0
87,7,4.0
87,8,1.0
87,9,1.0
87,10,5.0
87,11,4.0
87,12,4.0
87,13,4.0
87,14,5.0
87,15,5.0
87,16,1.0
87,17,4.0
87,18,5.0
87,19,2.0
87,20,2.0
88,1,3.0
88,2,5.0
88,3,5.0
88,5,3.0
88,7,5.0
88,8,3.0
88,9,5.0
88,11,3.0
88,12,5.0
88,14,4.0
88,15,1.0
88,16,4.0
89,1,4.0
89,2,5.0
89,5,4.0
89,7,5.0
89,8,4.0
89,10,4.0
89,11,4.0
89,12,3.0
89,15,3.0
90,1,3.0
90,2,3.0
90,3,4.0
90,4,4.0
90,5,5.0
90,7,4.0
90,10,4.0
90,11,3.0
90,14,5.0
90,15,4.0
90,16,3.0
90,17,4.0
91,3,3.0
91,11,3.0
91,15,3.0
92,1,4.0
92,2,5.0
92,3,4.0
92,4,4.0
92,5,4.0
92,7,3.0
92,8,4.0
92,11,4.0
92,12,4.0
92,15,2.0
93,1,3.0
93,2,5.0
93,5,4.0
93,8,5.0
93,12,4.0
94,1,4.0
94,2,4.0
94,3,5.0
94,5,5.0
94,6,5.0
94,7,5.0
94,8,3.0
94,11,3.0
94,13,4.0
94,14,4.0
94,15,4.0
94,16,4.0
84,5,5.0
84,15,4.0
95,1,4.0
95,8,4.0
96,1,4.0
96,2,4.0
96,3,4.0
96,5,4.0
96,7,4.0
96,8,4.0
96,11,4.0
89,2,5.0
89,3,4.0
89,5,4.0
89,8,5.0
89,11,3.0
89,12,4.0
89,15,3.0
89,19,3.0
89,20,3.0
89,2,5.0
89,3,4.0
89,5,4.0
89,8,5.0
89,11,3.0
89,12,4.0
89,15,3.0
89,19,3.0
89,20,3.0
97,1,1.0
97,3,5.0
97,7,4.0
97,8,5.0
98,1,4.0
98,2,5.0
98,3,4.0
98,5,4.0
98,6,4.0
98,7,3.0
98,8,4.0
98,9,4.0
98,11,1.0
98,12,5.0
98,13,4.0
98,14,4.0
98,15,1.0
98,16,4.0
99,1,5.0
99,2,5.0
99,3,5.0
99,4,3.0
99,5,5.0
99,6,5.0
99,7,5.0
99,8,4.0
99,10,4.0
99,11,5.0
99,13,4.0
99,14,5.0
99,15,2.0
99,16,5.0
99,18,5.0
100,5,5.0
100,7,4.0
100,8,4.0
100,11,4.0
100,14,5.0
100,15,5.0
100,16,5.0
100,17,5.0
100,18,5.0
101,1,1.0
101,2,5.0
101,3,5.0
101,4,1.0
101,5,3.0
101,7,5.0
101,8,5.0
101,14,5.0
101,15,5.0
101,16,5.0
98,2,5.0
98,7,4.0
98,8,2.0
98,12,5.0
102,3,5.0
102,5,5.0
102,7,5.0
102,8,3.0
102,9,3.0
102,12,5.0
102,13,4.0
102,14,4.0
102,15,4.0
102,16,4.0
102,18,3.0
102,19,1.0
102,20,2.0
103,1,1.0
103,2,3.0
103,3,3.0
103,4,2.0
103,5,4.0
103,6,1.0
103,7,4.0
103,8,3.0
103,9,1.0
103,10,1.0
103,11,3.0
103,12,4.0
103,13,1.0
103,14,1.0
103,15,1.0
103,16,1.0
103,17,1.0
103,18,1.0
103,19,1.0
103,20,1.0
104,2,5.0
104,5,4.0
104,7,3.0
104,8,4.0
104,11,4.0
104,14,5.0
104,16,3.0
105,2,5.0
105,3,4.0
105,5,3.0
105,7,4.0
105,8,5.0
105,11,4.0
105,15,4.0
105,16,5.0
106,1,3.0
106,2,5.0
106,3,5.0
106,4,3.0
106,5,4.0
106,6,3.0
106,7,3.0
106,8,5.0
106,9,4.0
106,10,4.0
106,11,5.0
106,12,5.0
106,13,4.0
106,14,4.0
106,15,2.0
106,16,5.0
106,17,4.0
106,18,3.0
106,19,3.0
106,20,3.0
107,2,5.0
107,3,5.0
107,5,4.0
107,7,5.0
107,8,5.0
107,11,4.0
107,12,5.0
107,13,4.0
107,15,2.0
108,3,5.0
108,5,4.0
108,8,5.0
108,15,5.0
108,16,5.0
109,3,3.0
109,5,4.0
109,7,5.0
109,8,5.0
109,9,4.0
109,10,3.0
109,11,4.0
109,12,3.0
109,14,4.0
109,15,2.0
109,16,5.0
109,17,3.0
110,1,5.0
110,3,5.0
110,4,5.0
110,5,5.0
110,7,4.0
110,8,4.0
110,9,4.0
110,10,5.0
110,11,4.0
110,12,5.0
110,13,5.0
110,14,4.0
110,15,5.0
110,17,5.0
111,1,4.0
111,3,4.0
111,4,4.0
111,5,5.0
111,6,4.0
111,7,5.0
111,8,5.0
111,11,4.0
111,13,4.0
111,14,5.0
111,15,5.0
112,2,5.0
112,3,4.0
112,5,3.0
112,7,3.0
112,8,4.0
112,11,2.0
112,12,4.0
112,14,2.0
112,15,1.0
112,16,3.0
112,18,1.0
113,2,5.0
113,3,4.0
113,5,3.0
113,7,5.0
113,8,3.0
113,11,4.0
113,12,3.0
113,15,3.0
114,3,4.0
114,5,5.0
114,7,4.0
114,8,5.0
114,11,5.0
114,15,3.0
115,3,4.0
115,4,2.0
115,5,5.0
115,7,4.0
115,8,4.0
115,13,5.0
115,14,4.0
115,15,4.0
116,1,4.0
116,2,4.0
116,3,5.0
116,5,5.0
116,8,5.0
116,11,3.0
116,15,3.0
117,3,5.0
117,5,5.0
117,7,5.0
117,8,5.0
117,12,5.0
117,15,5.0
118,1,4.0
118,2,4.0
118,3,5.0
118,7,5.0
118,8,4.0
118,11,5.0
118,15,3.0
119,1,4.0
119,2,4.0
119,3,4.0
119,4,1.0
119,5,4.0
119,7,5.0
119,8,2.0
119,11,4.0
119,12,4.0
119,13,2.0
119,14,5.0
119,16,3.0
119,19,3.0
119,20,3.0
120,2,5.0
120,3,4.0
120,5,3.0
120,7,5.0
120,8,5.0
120,12,5.0
121,1,5.0
121,2,5.0
121,3,4.0
121,4,3.0
121,5,3.0
121,6,3.0
121,7,4.0
121,8,5.0
121,11,3.0
121,15,4.0
122,1,4.0
122,2,4.0
122,5,4.0
122,7,4.0
122,8,4.0
122,12,4.0
123,2,5.0
123,3,4.0
123,4,5.0
123,5,2.0
123,7,5.0
123,8,4.0
123,11,5.0
123,15,2.0
124,1,3.0
124,2,5.0
124,7,4.0
124,8,4.0
125,1,4.0
125,2,4.0
125,3,4.0
125,4,3.0
125,5,2.0
125,7,5.0
125,8,5.0
125,9,3.0
125,10,4.0
125,11,4.0
125,12,4.0
125,14,5.0
125,15,5.0
125,16,4.0
125,17,5.0
125,19,3.0
125,20,4.0
126,1,2.0
126,3,2.0
126,4,4.0
126,5,3.0
126,7,4.0
126,8,4.0
126,11,4.0
126,13,4.0
126,14,5.0
126,15,3.0
126,16,2.0
127,1,5.0
127,2,4.0
127,3,5.0
127,5,5.0
127,7,4.0
127,8,5.0
127,15,5.0
127,16,5.0
127,17,5.0
127,18,3.0
127,19,5.0
127,20,5.0
128,3,4.0
128,5,4.0
128,7,5.0
128,11,4.0
128,12,4.0
128,15,5.0
129,2,4.0
129,7,4.0
130,1,4.0
130,3,5.0
130,5,5.0
130,6,5.0
130,8,5.0
130,11,3.0
130,15,4.0
130,16,4.0
130,20,2.0
131,3,5.0
131,4,5.0
131,5,5.0
131,7,5.0
131,8,4.0
131,12,5.0
131,13,4.0
131,15,5.0
131,16,4.0
131,19,3.0
131,20,4.0
132,1,5.0
132,2,4.0
132,3,5.0
132,4,2.0
132,5,4.0
132,6,5.0
132,7,5.0
132,8,4.0
132,11,5.0
132,14,5.0
132,15,5.0
132,16,4.0
132,20,2.0
133,2,3.0
133,5,5.0
133,7,3.0
133,8,5.0
133,15,1.0
134,1,4.0
134,2,4.0
134,3,2.0
134,5,3.0
134,7,5.0
134,8,4.0
134,9,4.0
134,11,4.0
134,12,5.0
134,14,5.0
134,15,2.0
134,16,5.0
134,17,3.0
135,4,5.0
135,5,5.0
135,7,5.0
135,10,4.0
135,12,4.0
135,13,5.0
135,14,5.0
135,15,3.0
135,16,4.0
136,1,4.0
136,2,4.0
136,3,5.0
136,4,4.0
136,5,4.0
136,6,5.0
136,7,4.0
136,8,2.0
136,9,4.0
136,10,4.0
136,11,3.0
136,12,4.0
136,13,4.0
136,14,3.0
136,15,5.0
136,16,4.0
136,17,2.0
136,18,4.0
136,19,5.0
137,3,5.0
137,4,5.0
137,5,5.0
137,6,5.0
137,7,5.0
137,8,5.0
137,10,5.0
137,11,5.0
137,12,5.0
137,13,5.0
137,14,4.0
137,15,5.0
137,16,4.0
137,17,3.0
137,18,5.0
137,19,3.0
137,20,2.0
138,1,5.0
138,2,4.0
138,3,5.0
138,4,4.0
138,5,5.0
138,6,4.0
138,7,5.0
138,8,5.0
138,9,5.0
138,10,5.0
138,11,5.0
138,12,4.0
138,13,4.0
138,14,4.0
138,15,5.0
138,16,5.0
138,17,4.0
138,18,4.0
138,19,4.0
138,20,4.0
139,1,3.0
139,2,3.0
139,3,4.0
139,4,3.0
139,5,5.0
139,6,3.0
139,7,5.0
139,8,4.0
139,9,3.0
139,10,3.0
139,11,5.0
139,12,4.0
139,13,2.0
139,14,2.0
139,15,2.0
139,16,4.0
139,17,3.0
140,1,5.0
140,2,5.0
140,3,5.0
140,4,3.0
140,5,4.0
140,6,4.0
140,7,3.0
140,8,5.0
140,9,3.0
140,10,3.0
140,11,5.0
140,12,5.0
140,13,5.0
140,14,5.0
140,15,5.0
140,16,5.0
140,17,3.0
140,18,3.0
140,19,3.0
140,20,3.0
141,2,5.0
141,3,5.0
141,5,3.0
141,7,1.0
141,8,4.0
141,11,4.0
141,14,1.0
141,15,1.0
141,16,5.0
142,2,2.0
142,3,5.0
142,4,4.0
142,5,5.0
142,8,5.0
142,15,5.0
142,16,4.0
142,17,4.0
142,18,5.0
142,19,4.0
143,1,4.0
143,2,5.0
143,3,5.0
143,5,4.0
143,7,4.0
143,8,5.0
143,11,4.0
143,12,4.0
143,15,5.0
143,16,5.0
144,7,4.0
144,11,4.0
144,15,4.0
144,16,3.0
145,8,5.0
146,1,3.0
146,2,2.0
146,3,3.0
146,4,4.0
146,5,5.0
146,7,5.0
146,8,4.0
146,10,5.0
146,11,5.0
146,12,4.0
146,15,2.0
146,16,3.0
146,17,3.0
146,19,4.0
147,3,5.0
147,5,5.0
147,7,5.0
147,8,4.0
147,10,3.0
147,11,5.0
147,15,5.0
147,16,5.0
147,17,3.0
148,3,5.0
148,5,4.0
148,7,5.0
148,8,5.0
148,12,5.0
148,13,3.0
149,1,5.0
149,2,3.0
149,3,5.0
149,5,4.0
149,7,5.0
149,8,5.0
149,9,4.0
149,11,3.0
149,12,4.0
149,14,3.0
149,15,4.0
149,16,4.0
149,20,3.0
150,3,4.0
150,5,4.0
150,7,5.0
150,8,5.0
151,2,5.0
151,5,5.0
151,7,4.0
151,8,5.0
151,12,2.0
151,14,2.0
151,15,4.0
152,1,5.0
152,2,4.0
152,3,5.0
152,4,5.0
152,5,3.0
152,7,5.0
152,8,4.0
152,11,4.0
152,12,2.0
152,15,3.0
152,16,5.0
153,1,5.0
153,2,5.0
153,3,5.0
153,5,5.0
153,7,5.0
153,8,5.0
153,11,5.0
153,14,5.0
153,15,5.0
153,17,5.0
154,2,4.0
154,3,5.0
154,5,2.0
154,7,3.0
154,8,4.0
154,9,3.0
154,10,2.0
154,11,5.0
154,14,4.0
154,15,5.0
154,16,5.0
154,17,5.0
155,1,3.0
155,5,4.0
155,8,4.0
155,11,3.0
155,15,2.0
156,2,5.0
156,3,5.0
156,7,2.0
156,8,4.0
156,11,3.0
156,12,5.0
156,15,1.0
157,1,3.0
157,2,4.0
157,3,3.0
157,5,4.0
157,7,4.0
157,8,3.0
157,9,5.0
157,11,4.0
157,12,5.0
157,15,5.0
157,16,5.0
157,17,3.0
158,1,5.0
158,2,3.0
158,3,4.0
158,5,4.0
158,7,5.0
158,8,5.0
158,12,4.0
159,3,5.0
159,5,4.0
159,8,4.0
159,15,4.0
160,2,3.0
160,3,3.0
160,4,4.0
160,5,5.0
160,7,3.0
160,8,4.0
160,9,3.0
160,10,3.0
160,11,3.0
160,12,4.0
160,13,4.0
160,14,5.0
160,18,5.0
160,19,5.0
160,20,5.0
161,2,3.0
161,3,5.0
161,5,5.0
161,7,4.0
161,8,3.0
161,11,3.0
161,15,3.0
162,3,5.0
162,5,4.0
162,7,5.0
162,8,5.0
162,11,5.0
162,14,5.0
162,15,3.0
162,16,5.0
163,2,3.0
163,3,5.0
163,6,4.0
163,7,4.0
163,8,3.0
163,11,5.0
163,13,5.0
163,16,3.0
163,18,3.0
164,1,4.0
164,2,5.0
164,3,5.0
164,5,3.0
164,6,5.0
164,7,5.0
164,8,3.0
164,11,2.0
164,13,4.0
164,15,2.0
164,16,3.0
165,1,4.0
165,15,4.0
165,16,4.0
166,3,5.0
166,4,4.0
166,5,5.0
166,8,4.0
166,15,5.0
166,16,3.0
167,1,5.0
167,3,3.0
167,5,5.0
167,8,4.0
167,11,5.0
167,15,4.0
167,16,3.0
168,1,5.0
168,3,5.0
168,5,5.0
168,6,4.0
168,7,3.0
168,8,5.0
168,11,4.0
168,12,5.0
168,14,5.0
168,15,3.0
168,16,5.0
168,17,5.0
169,5,4.0
169,7,4.0
169,8,5.0
169,14,5.0
169,15,3.0
170,1,5.0
170,2,4.0
170,3,5.0
170,4,4.0
170,5,5.0
170,6,4.0
170,7,5.0
170,8,5.0
170,9,4.0
170,10,5.0
170,11,5.0
170,12,5.0
170,13,5.0
170,14,4.0
170,15,5.0
170,16,5.0
170,17,5.0
170,18,4.0
170,19,5.0
170,20,1.0
171,1,4.0
171,2,3.0
171,3,5.0
171,5,4.0
171,7,3.0
171,8,2.0
171,9,5.0
171,12,5.0
171,14,3.0
171,16,4.0
171,19,3.0
172,2,5.0
172,3,5.0
172,5,3.0
172,7,4.0
172,8,3.0
172,9,4.0
172,11,4.0
172,12,5.0
172,14,2.0
172,16,3.0
173,3,5.0
173,5,5.0
173,8,4.0
173,15,5.0
173,16,5.0
174,3,5.0
174,5,4.0
174,7,3.0
174,8,5.0
174,11,3.0
174,12,5.0
174,15,4.0
174,16,4.0
175,3,4.0
175,4,4.0
175,5,4.0
175,7,3.0
175,8,3.0
175,15,5.0
176,1,5.0
176,2,5.0
176,3,5.0
176,5,5.0
176,7,5.0
176,8,5.0
176,11,3.0
176,12,5.0
176,14,4.0
176,15,1.0
176,16,1.0
176,17,5.0
176,18,1.0
177,3,4.0
177,6,4.0
177,8,1.0
177,9,2.0
177,11,2.0
177,12,3.0
177,13,4.0
177,15,5.0
177,16,3.0
177,17,5.0
177,18,5.0
178,1,2.0
178,2,5.0
178,3,5.0
178,5,4.0
178,7,5.0
178,8,5.0
178,11,4.0
178,13,5.0
178,15,3.0
178,16,5.0
179,1,2.0
179,5,4.0
179,15,4.0
179,16,3.0
180,1,4.0
180,3,5.0
180,12,5.0
181,2,4.0
181,3,5.0
181,5,5.0
181,8,4.0
181,15,3.0
182,1,4.0
182,2,5.0
182,3,4.0
182,5,4.0
182,6,5.0
182,7,5.0
182,8,5.0
182,9,4.0
182,11,4.0
182,12,5.0
182,15,1.0
182,16,1.0
183,1,4.0
183,2,4.0
183,5,5.0
183,7,3.0
183,8,5.0
183,12,4.0
183,14,5.0
183,15,4.0
183,16,4.0
184,1,4.0
184,2,5.0
184,3,5.0
184,4,2.0
184,5,2.0
184,6,2.0
184,7,3.0
184,8,3.0
184,11,2.0
184,12,5.0
184,13,2.0
184,15,2.0
184,16,4.0
184,17,2.0
184,18,3.0
184,20,4.0
152,1,5.0
152,2,4.0
152,3,5.0
152,4,5.0
152,5,3.0
152,7,5.0
152,8,4.0
152,11,4.0
152,12,2.0
152,15,3.0
152,16,5.0
182,1,5.0
182,2,5.0
182,3,3.0
182,4,2.0
182,5,5.0
182,6,3.0
182,7,5.0
182,8,5.0
182,11,4.0
182,12,5.0
182,15,1.0
185,1,3.0
185,2,1.0
185,3,5.0
185,4,4.0
185,5,5.0
185,6,3.0
185,7,5.0
185,8,2.0
185,9,2.0
185,10,2.0
185,11,3.0
185,12,3.0
185,13,5.0
185,14,5.0
185,15,5.0
185,16,4.0
185,17,4.0
185,18,5.0
185,19,5.0
185,20,5.0
171,1,3.0
171,2,5.0
171,3,4.0
171,5,4.0
171,7,5.0
171,8,5.0
171,9,4.0
171,10,5.0
171,11,5.0
171,13,4.0
171,15,5.0
171,17,5.0
171,18,5.0
171,20,4.0
185,2,1.0
185,3,4.0
185,4,4.0
185,5,4.0
185,6,3.0
185,7,5.0
185,8,2.0
185,9,2.0
185,10,2.0
185,11,2.0
185,12,2.0
185,13,2.0
185,14,2.0
185,15,2.0
185,16,2.0
185,17,2.0
185,18,2.0
185,19,2.0
185,20,2.0
186,1,5.0
186,3,5.0
186,4,3.0
186,5,4.0
186,8,4.0
186,9,3.0
186,10,4.0
186,12,4.0
186,13,4.0
186,14,3.0
186,15,2.0
186,16,5.0
187,1,4.0
187,4,5.0
187,5,5.0
187,6,4.0
187,7,4.0
187,8,5.0
187,10,4.0
187,11,4.0
187,12,5.0
188,1,5.0
188,3,5.0
188,5,4.0
188,7,4.0
188,8,5.0
188,12,3.0
188,19,4.0
189,1,5.0
189,2,4.0
189,3,5.0
189,5,5.0
189,7,5.0
189,8,4.0
189,12,5.0
189,15,2.0
189,16,4.0
190,1,5.0
190,3,4.0
190,5,1.0
190,8,4.0
190,11,2.0
191,1,4.0
191,2,3.0
191,3,4.0
191,4,3.0
191,5,4.0
191,6,2.0
191,7,3.0
191,8,4.0
191,9,3.0
191,11,4.0
191,12,2.0
191,13,2.0
191,14,3.0
191,15,5.0
191,16,4.0
191,17,4.0
191,18,3.0
191,19,3.0
191,20,4.0
192,1,4.0
192,2,5.0
192,3,4.0
192,5,5.0
192,7,4.0
192,8,5.0
192,11,5.0
192,12,5.0
192,14,3.0
192,15,1.0
192,16,1.0
193,4,4.0
193,5,4.0
193,7,4.0
193,11,3.0
193,12,4.0
193,13,4.0
193,16,2.0
194,1,5.0
194,3,4.0
194,5,5.0
194,8,4.0
194,15,5.0
195,1,4.0
195,3,5.0
195,4,4.0
195,5,5.0
195,6,5.0
195,7,4.0
195,8,5.0
195,10,3.0
195,12,3.0
195,14,3.0
195,15,2.0
195,16,3.0
196,1,4.0
196,2,4.0
196,5,4.0
196,7,4.0
196,8,4.0
196,9,4.0
196,12,5.0
196,14,3.0
196,16,5.0
197,3,5.0
197,5,2.0
197,7,1.0
197,8,2.0
197,10,4.0
197,11,4.0
197,12,4.0
197,13,1.0
197,14,3.0
197,15,1.0
198,1,3.0
198,3,5.0
198,4,3.0
198,5,5.0
198,11,3.0
198,13,4.0
198,15,5.0
198,16,2.0
199,2,4.0
199,5,4.0
199,7,5.0
199,8,5.0
199,11,5.0
199,15,4.0
199,16,3.0
200,3,4.0
200,5,4.0
200,7,4.0
200,8,5.0
200,15,4.0
201,1,4.0
201,2,5.0
201,3,5.0
201,5,5.0
201,7,4.0
201,8,4.0
201,11,2.0
201,12,5.0
201,14,5.0
201,15,1.0
201,16,5.0
202,3,3.0
202,5,3.0
202,7,5.0
202,8,4.0
202,11,3.0
202,12,3.0
202,14,3.0
202,15,4.0
202,16,5.0
203,3,5.0
203,5,5.0
203,7,5.0
203,8,4.0
203,9,5.0
203,10,4.0
203,11,5.0
203,12,4.0
203,13,4.0
203,14,1.0
203,15,5.0
203,16,3.0
203,17,5.0
203,18,4.0
203,19,2.0
204,1,4.0
204,2,5.0
204,3,5.0
204,4,4.0
204,5,5.0
204,7,4.0
204,8,4.0
204,9,4.0
204,11,3.0
204,12,5.0
204,14,4.0
204,15,4.0
205,3,3.0
205,5,4.0
205,7,5.0
205,8,5.0
205,14,4.0
205,15,3.0
206,3,5.0
206,5,4.0
206,7,2.0
206,8,5.0
206,11,3.0
206,14,2.0
206,15,1.0
207,1,4.0
207,2,4.0
207,3,2.0
207,4,4.0
207,5,5.0
207,6,4.0
207,7,5.0
207,8,5.0
207,10,4.0
207,11,3.0
207,12,4.0
207,13,2.0
207,15,1.0
207,17,1.0
208,1,3.0
208,3,4.0
208,5,5.0
208,8,5.0
208,15,5.0
209,5,5.0
209,14,5.0
209,15,3.0
209,16,4.0
210,1,1.0
210,2,1.0
210,3,3.0
210,4,2.0
210,5,4.0
210,6,3.0
210,7,3.0
210,8,2.0
210,9,3.0
210,10,4.0
210,11,4.0
210,12,3.0
210,13,5.0
210,14,5.0
210,15,5.0
210,16,5.0
210,17,5.0
210,19,2.0
210,20,3.0
211,1,3.0
211,2,4.0
211,3,3.0
211,4,2.0
211,5,3.0
211,6,3.0
211,7,2.0
211,8,4.0
211,9,3.0
211,10,2.0
211,11,2.0
211,12,3.0
211,13,5.0
211,14,5.0
211,15,4.0
211,16,5.0
211,17,5.0
211,18,4.0
211,19,4.0
211,20,3.0
212,1,3.0
212,2,4.0
212,3,5.0
212,8,4.0
213,3,4.0
213,5,3.0
213,7,5.0
213,8,3.0
213,11,4.0
213,15,3.0
214,1,4.0
214,2,2.0
214,3,5.0
214,4,1.0
214,8,4.0
214,10,3.0
214,11,1.0
214,15,5.0
215,1,4.0
215,2,5.0
215,3,5.0
215,5,4.0
215,7,5.0
215,8,5.0
215,9,4.0
215,11,5.0
215,14,4.0
215,15,5.0
215,16,5.0
215,18,3.0
215,20,4.0
216,1,3.0
216,2,5.0
216,3,5.0
216,4,4.0
216,5,5.0
216,7,4.0
216,8,4.0
216,10,4.0
216,11,5.0
216,15,1.0
212,3,4.0
212,6,4.0
212,7,4.0
212,8,4.0
212,11,4.0
212,15,3.0
217,1,4.0
217,5,5.0
217,7,4.0
217,11,4.0
217,13,5.0
217,16,5.0
218,5,4.0
218,7,4.0
218,13,3.0
218,15,4.0
218,16,4.0
219,1,3.0
219,2,5.0
219,3,5.0
219,5,4.0
219,6,4.0
219,7,4.0
219,8,4.0
219,11,2.0
219,12,5.0
219,15,2.0
220,1,5.0
220,3,5.0
220,5,5.0
220,7,4.0
220,8,5.0
220,11,4.0
220,13,5.0
220,15,3.0
221,1,4.0
221,2,5.0
221,3,5.0
221,4,4.0
221,5,5.0
221,6,3.0
221,7,5.0
221,8,5.0
221,9,4.0
221,10,4.0
221,11,5.0
221,13,3.0
221,14,2.0
221,15,4.0
221,16,2.0
221,17,2.0
221,18,2.0
221,19,4.0
221,20,3.0
222,2,5.0
222,3,3.0
222,5,4.0
222,7,3.0
222,8,4.0
222,12,4.0
222,13,1.0
222,15,1.0
223,1,4.0
223,2,3.0
223,3,4.0
223,5,2.0
223,8,2.0
223,12,4.0
223,13,3.0
214,1,4.0
214,2,2.0
214,3,5.0
214,4,1.0
214,8,4.0
214,10,3.0
214,11,1.0
214,15,5.0
224,3,5.0
224,5,5.0
224,7,3.0
224,8,4.0
224,11,3.0
224,15,4.0
225,1,4.0
225,2,4.0
225,3,4.0
225,10,3.0
225,11,3.0
225,12,4.0
225,19,4.0
226,1,5.0
226,2,4.0
226,3,5.0
226,5,4.0
226,7,3.0
226,8,3.0
226,10,4.0
226,12,4.0
226,15,2.0
226,16,1.0
226,17,5.0
226,18,5.0
226,19,4.0
226,20,3.0
227,1,4.0
227,3,3.0
227,5,5.0
227,8,4.0
227,15,5.0
227,16,3.0
228,1,4.0
228,3,4.0
228,4,3.0
228,5,4.0
228,6,4.0
228,7,5.0
228,8,5.0
228,10,3.0
228,11,4.0
228,15,3.0
229,2,3.0
229,5,5.0
229,15,4.0
230,3,4.0
230,4,5.0
230,5,5.0
230,6,5.0
230,7,4.0
230,8,2.0
230,11,5.0
230,14,3.0
230,15,2.0
230,17,5.0
230,19,2.0
231,3,5.0
231,4,4.0
231,5,5.0
231,7,5.0
231,8,4.0
231,11,5.0
232,1,3.0
232,2,5.0
232,3,4.0
232,5,4.0
232,7,5.0
232,8,5.0
232,11,3.0
232,12,5.0
232,15,4.0
233,2,5.0
233,3,5.0
233,4,3.0
233,5,3.0
233,7,4.0
233,8,3.0
233,11,3.0
233,15,2.0
233,16,3.0
234,1,5.0
234,3,4.0
234,4,4.0
234,5,5.0
234,7,3.0
234,8,3.0
234,11,3.0
234,15,5.0
234,16,2.0
234,17,4.0
234,18,3.0
234,19,3.0
234,20,3.0
235,1,5.0
235,2,5.0
235,3,5.0
235,6,5.0
235,7,5.0
235,8,5.0
235,15,2.0
236,1,5.0
236,2,4.0
236,3,4.0
236,5,4.0
236,7,5.0
236,8,4.0
236,11,5.0
236,15,2.0
237,1,4.0
237,2,4.0
237,3,5.0
237,4,3.0
237,5,3.0
237,6,3.0
237,7,5.0
237,8,4.0
237,9,3.0
237,10,3.0
237,11,3.0
237,12,3.0
237,13,3.0
237,14,3.0
237,15,1.0
237,16,3.0
237,17,3.0
237,18,3.0
237,19,3.0
237,20,3.0
238,2,3.0
238,3,2.0
238,5,5.0
238,6,5.0
238,7,5.0
238,8,5.0
238,14,4.0
238,15,5.0
238,17,5.0
238,18,3.0
239,1,4.0
239,2,4.0
239,3,5.0
239,5,5.0
239,7,4.0
239,8,4.0
239,11,4.0
240,2,4.0
240,3,5.0
240,7,3.0
240,8,3.0
240,11,3.0
240,12,5.0
240,15,4.0
240,18,4.0
241,3,4.0
241,5,4.0
242,1,3.0
242,2,5.0
242,3,5.0
242,4,3.0
242,5,1.0
242,6,1.0
242,7,3.0
242,8,5.0
242,9,4.0
242,10,2.0
242,12,3.0
242,14,4.0
242,15,5.0
242,16,3.0
242,17,3.0
242,19,3.0
242,20,5.0
243,1,5.0
243,2,4.0
243,3,4.0
243,5,4.0
243,7,3.0
243,8,5.0
243,9,3.0
243,10,4.0
243,11,4.0
243,12,3.0
243,13,3.0
243,14,4.0
243,15,3.0
243,16,5.0
243,17,4.0
243,18,4.0
243,20,3.0
244,2,4.0
244,3,5.0
244,5,4.0
244,6,5.0
244,7,4.0
244,8,4.0
244,11,4.0
244,13,5.0
244,14,4.0
244,15,3.0
244,16,4.0
245,2,5.0
245,3,4.0
245,5,5.0
245,7,4.0
245,8,5.0
245,10,4.0
245,11,3.0
245,12,5.0
245,15,4.0
246,1,4.0
246,2,5.0
246,3,5.0
246,5,5.0
246,7,4.0
246,8,4.0
246,9,5.0
246,11,3.0
246,12,5.0
246,14,5.0
246,15,3.0
246,16,5.0
247,1,5.0
247,2,5.0
247,3,5.0
247,5,5.0
247,7,5.0
247,8,5.0
247,11,4.0
247,15,5.0
248,2,5.0
248,3,3.0
248,7,4.0
248,8,4.0
248,9,4.0
248,11,4.0
248,12,5.0
248,14,5.0
248,15,1.0
249,2,4.0
249,3,5.0
249,5,3.0
249,7,4.0
249,8,5.0
249,12,5.0
249,14,4.0
249,15,5.0
250,1,3.0
250,2,5.0
250,3,5.0
250,4,4.0
250,5,5.0
250,6,4.0
250,7,5.0
250,8,4.0
250,11,2.0
250,12,5.0
250,13,3.0
250,15,1.0
250,16,5.0
250,20,4.0
251,1,4.0
251,3,5.0
251,5,5.0
251,7,5.0
251,8,5.0
251,10,4.0
251,11,4.0
251,12,5.0
251,13,5.0
251,14,5.0
251,15,5.0
251,16,4.0
251,17,5.0
251,19,5.0
252,1,4.0
252,2,4.0
252,3,4.0
252,5,4.0
252,7,5.0
252,8,5.0
252,11,3.0
252,15,5.0
252,16,3.0
252,17,4.0
253,5,4.0
253,14,3.0
253,15,4.0
253,17,3.0
254,1,4.0
254,3,5.0
254,5,5.0
254,8,4.0
255,15,5.0
256,2,4.0
256,3,5.0
256,7,3.0
256,8,3.0
256,11,4.0
256,12,5.0
256,15,3.0
256,16,4.0
257,2,5.0
257,4,5.0
257,5,5.0
257,6,5.0
257,7,5.0
257,9,3.0
257,11,4.0
257,12,4.0
257,14,5.0
257,15,3.0
257,16,5.0
257,17,5.0
257,18,4.0
240,1,4.0
240,2,3.0
240,3,5.0
240,5,5.0
240,7,4.0
240,8,4.0
240,11,4.0
240,15,4.0
258,1,4.0
258,2,3.0
258,3,4.0
258,4,4.0
258,5,4.0
258,6,4.0
258,7,5.0
258,8,4.0
258,9,5.0
258,10,3.0
258,11,4.0
258,12,3.0
258,13,5.0
258,15,5.0
258,16,3.0
258,17,4.0
258,18,3.0
258,19,4.0
258,20,5.0
259,1,3.0
259,2,4.0
259,3,4.0
259,5,3.0
259,7,5.0
259,8,3.0
259,9,4.0
259,11,3.0
259,12,5.0
259,15,3.0
259,16,5.0
260,2,4.0
260,3,4.0
260,5,4.0
260,7,5.0
260,9,1.0
260,12,4.0
260,15,4.0
261,1,3.0
261,3,5.0
261,4,5.0
261,5,5.0
261,7,4.0
261,8,5.0
261,11,5.0
261,13,2.0
261,15,4.0
261,16,5.0
261,17,4.0
261,18,4.0
261,19,4.0
260,1,4.0
260,2,3.0
260,3,4.0
260,4,3.0
260,5,4.0
260,6,2.0
260,7,5.0
260,8,5.0
260,9,1.0
260,12,4.0
260,13,3.0
260,14,5.0
260,15,4.0
260,16,5.0
260,17,3.0
260,18,5.0
260,19,4.0
260,20,4.0
262,1,3.0
262,2,5.0
262,3,5.0
262,5,4.0
262,7,5.0
262,8,3.0
262,10,3.0
262,12,5.0
262,13,4.0
262,15,4.0
262,16,5.0
263,12,3.0
263,15,1.0
258,1,4.0
258,2,4.0
258,4,5.0
258,5,4.0
258,7,4.0
258,8,5.0
258,11,4.0
258,12,5.0
258,15,3.0
258,19,4.0
258,20,3.0
264,1,4.0
264,5,4.0
264,11,4.0
265,1,5.0
265,3,5.0
265,5,5.0
265,8,5.0
265,16,3.0
265,17,4.0
266,1,4.0
266,2,4.0
266,3,4.0
266,4,4.0
266,5,4.0
266,6,4.0
266,7,4.0
266,8,3.0
266,9,4.0
266,10,4.0
266,11,4.0
266,12,4.0
266,13,4.0
266,14,4.0
266,15,4.0
266,16,4.0
266,17,4.0
266,18,4.0
266,19,5.0
266,20,4.0
267,2,5.0
267,3,5.0
267,5,4.0
267,7,3.0
267,8,3.0
267,11,5.0
267,13,5.0
267,15,3.0
269,2,3.0
269,3,1.0
269,7,3.0
269,12,4.0
269,16,4.0
270,5,5.0
270,6,5.0
271,5,4.0
271,7,5.0
271,8,4.0
271,11,4.0
271,15,3.0
272,1,4.0
272,3,3.0
272,5,4.0
272,8,5.0
272,11,3.0
273,1,1.0
273,2,2.0
273,3,3.0
273,4,4.0
273,5,5.0
273,7,5.0
273,8,4.0
273,9,3.0
273,10,2.0
273,11,1.0
273,12,2.0
273,13,3.0
273,14,4.0
273,15,5.0
273,17,5.0
273,18,4.0
273,19,3.0
273,20,2.0
274,1,5.0
274,2,5.0
274,3,4.0
274,7,4.0
274,8,4.0
274,11,4.0
274,12,4.0
274,13,4.0
274,14,5.0
274,15,2.0
274,16,5.0
275,1,3.0
275,2,4.0
275,3,5.0
275,5,3.0
275,6,5.0
275,7,3.0
275,8,4.0
275,11,3.0
275,12,5.0
275,15,3.0
275,16,5.0
276,3,4.0
276,5,5.0
276,6,5.0
276,8,5.0
276,15,3.0
277,5,4.0
277,7,5.0
277,8,4.0
277,9,3.0
277,11,4.0
278,3,5.0
278,5,3.0
278,8,5.0
279,1,4.0
279,5,5.0
279,7,5.0
279,8,3.0
279,11,2.0
279,13,3.0
279,14,5.0
279,15,3.0
279,16,3.0
280,3,2.0
280,8,1.0
280,11,2.0
280,14,4.0
280,16,2.0
281,1,5.0
281,2,3.0
281,3,4.0
281,5,2.0
281,7,4.0
281,8,5.0
281,11,3.0
281,12,4.0
281,13,1.0
281,15,2.0
281,16,3.0
282,1,3.0
282,2,5.0
282,3,5.0
282,5,1.0
282,6,5.0
282,7,3.0
282,8,4.0
282,11,3.0
282,12,5.0
282,15,1.0
282,16,4.0
283,2,5.0
283,3,5.0
283,5,2.0
283,7,3.0
283,8,4.0
283,9,5.0
283,11,4.0
283,12,5.0
284,2,5.0
284,3,4.0
284,5,4.0
284,7,5.0
284,8,4.0
284,11,3.0
284,12,4.0
284,13,1.0
284,14,4.0
284,15,1.0
285,1,4.0
285,2,5.0
285,3,5.0
285,5,3.0
285,7,5.0
285,8,5.0
285,11,5.0
285,12,5.0
286,1,4.0
286,2,4.0
286,3,4.0
286,5,3.0
286,7,5.0
286,8,5.0
286,11,2.0
286,15,1.0
287,3,5.0
287,5,5.0
288,1,3.0
288,2,4.0
288,3,5.0
288,7,3.0
288,8,4.0
288,9,5.0
288,12,5.0
289,1,4.0
289,2,5.0
289,3,5.0
289,7,3.0
289,8,5.0
289,9,5.0
289,11,3.0
289,12,5.0
289,14,5.0
289,15,1.0
290,1,4.0
290,3,4.0
290,5,4.0
290,6,4.0
290,7,4.0
290,11,4.0
290,13,3.0
290,16,4.0
291,1,2.0
291,2,1.0
291,3,4.0
291,4,1.0
291,5,5.0
291,7,4.0
291,8,5.0
291,11,5.0
291,12,5.0
291,13,4.0
291,14,5.0
291,15,1.0
291,16,3.0
291,17,5.0
292,2,4.0
292,3,5.0
292,7,3.0
293,1,4.0
293,2,4.0
293,3,4.0
293,5,4.0
293,7,5.0
293,8,5.0
293,11,2.0
293,12,5.0
294,1,4.0
294,2,5.0
294,3,5.0
294,4,3.0
294,5,4.0
294,7,4.0
294,8,2.0
294,11,4.0
294,12,3.0
294,13,4.0
294,15,4.0
294,17,2.0
294,18,2.0
294,19,2.0
294,20,2.0
295,1,4.0
295,3,5.0
295,4,1.0
295,5,1.0
295,8,4.0
295,11,5.0
295,13,5.0
295,15,3.0
295,16,4.0
296,1,3.0
296,2,1.0
296,3,5.0
296,7,5.0
296,8,5.0
296,15,3.0
268,1,4.0
268,7,4.0
268,8,5.0
268,13,2.0
268,15,2.0
297,3,4.0
297,5,2.0
297,6,4.0
297,7,2.0
297,14,2.0
297,15,1.0
298,1,4.0
298,2,2.0
298,3,5.0
298,7,2.0
298,8,3.0
298,11,2.0
298,15,1.0
265,1,5.0
265,2,5.0
265,3,5.0
265,4,2.0
265,5,3.0
265,6,5.0
265,7,5.0
265,8,2.0
265,9,3.0
265,11,4.0
265,12,5.0
265,13,5.0
265,14,5.0
265,15,4.0
265,16,4.0
265,17,5.0
265,18,1.0
281,1,5.0
281,2,4.0
281,3,5.0
281,4,1.0
281,5,1.0
281,7,4.0
281,8,4.0
281,11,3.0
281,12,4.0
281,13,1.0
281,15,2.0
299,1,3.0
299,2,4.0
299,3,5.0
299,5,3.0
299,6,3.0
299,7,3.0
299,8,4.0
299,11,4.0
299,12,5.0
299,13,3.0
299,14,4.0
299,15,1.0
300,2,5.0
300,3,5.0
300,7,3.0
300,11,2.0
300,14,5.0
300,15,5.0
300,16,5.0
300,18,2.0
300,19,2.0
300,20,5.0
301,1,5.0
301,3,5.0
301,4,4.0
301,5,5.0
301,6,4.0
301,7,4.0
301,8,4.0
301,9,3.0
301,10,3.0
301,11,3.0
301,12,3.0
301,13,3.0
301,14,5.0
301,15,5.0
301,16,5.0
301,17,5.0
301,18,5.0
301,19,5.0
301,20,5.0
302,1,5.0
302,2,5.0
302,3,5.0
302,5,2.0
302,6,3.0
302,7,2.0
302,8,5.0
302,9,5.0
302,10,5.0
302,11,2.0
302,12,5.0
302,15,3.0
302,16,5.0
303,1,4.0
303,2,5.0
303,3,4.0
303,5,5.0
303,8,4.0
303,13,3.0
303,14,4.0
303,15,2.0
303,16,3.0
303,19,3.0
303,20,4.0
304,3,4.0
304,5,4.0
304,8,5.0
304,15,3.0
304,16,5.0
305,1,5.0
305,2,5.0
305,3,5.0
305,7,4.0
305,8,4.0
305,12,4.0
306,1,5.0
306,5,5.0
306,8,5.0
306,11,5.0
306,13,5.0
306,15,5.0
306,16,5.0
307,1,5.0
307,2,5.0
307,3,5.0
307,4,5.0
307,7,4.0
307,8,5.0
307,10,5.0
307,14,5.0
307,15,5.0
307,17,4.0
307,18,4.0
307,19,4.0
308,1,5.0
308,2,5.0
308,3,5.0
308,4,3.0
308,5,4.0
308,6,5.0
308,7,3.0
308,8,4.0
308,9,3.0
308,11,4.0
308,12,5.0
308,13,3.0
308,14,4.0
308,15,2.0
308,16,5.0
308,17,4.0
308,18,3.0
309,1,3.0
309,2,4.0
309,3,4.0
309,4,4.0
309,5,4.0
309,6,5.0
309,10,3.0
309,11,4.0
309,12,3.0
309,14,4.0
309,15,4.0
309,16,4.0
309,17,5.0
308,1,5.0
308,2,5.0
308,3,5.0
308,4,3.0
308,5,4.0
308,6,5.0
308,7,2.0
308,8,4.0
308,9,3.0
308,10,3.0
308,11,4.0
308,12,5.0
308,13,3.0
308,14,4.0
308,15,2.0
308,16,5.0
308,17,3.0
308,18,3.0
310,3,2.0
310,5,5.0
310,8,3.0
311,1,4.0
311,3,5.0
311,5,5.0
311,6,5.0
311,7,3.0
311,8,5.0
311,11,4.0
311,12,4.0
311,15,5.0
312,1,4.0
312,2,3.0
312,3,5.0
312,4,2.0
312,5,3.0
312,6,4.0
312,7,3.0
312,8,5.0
312,9,2.0
312,10,3.0
312,11,5.0
312,12,3.0
312,13,4.0
312,14,3.0
312,15,2.0
312,17,4.0
312,18,3.0
312,19,1.0
312,20,4.0
313,3,5.0
313,4,5.0
313,5,5.0
313,7,5.0
313,8,5.0
313,11,5.0
313,15,5.0
314,1,4.0
314,2,5.0
314,3,5.0
314,5,4.0
314,7,3.0
314,8,3.0
314,12,5.0
314,16,4.0
315,1,1.0
315,2,2.0
315,3,5.0
315,7,5.0
315,8,3.0
315,11,1.0
315,12,1.0
315,15,5.0
316,1,4.0
316,2,5.0
316,3,5.0
316,5,4.0
316,7,5.0
316,8,5.0
316,14,4.0
316,15,5.0
316,16,4.0
317,3,5.0
317,5,4.0
317,7,3.0
317,8,5.0
317,11,4.0
317,15,1.0
317,16,3.0
318,2,4.0
318,3,5.0
318,5,4.0
318,6,5.0
318,7,5.0
318,8,4.0
318,11,3.0
318,12,5.0
318,13,4.0
318,15,1.0
318,16,5.0
319,1,4.0
319,2,3.0
319,3,4.0
319,4,3.0
319,5,3.0
319,6,3.0
319,8,3.0
319,11,3.0
319,15,4.0
320,1,2.0
320,2,4.0
320,3,4.0
320,5,4.0
320,7,3.0
320,8,5.0
321,3,5.0
321,7,3.0
321,8,3.0
322,1,5.0
322,3,4.0
322,5,5.0
322,7,5.0
322,8,4.0
322,14,4.0
322,15,3.0
322,16,5.0
322,17,4.0
322,18,4.0
322,19,4.0
322,20,4.0
323,2,5.0
323,3,5.0
323,5,3.0
323,7,3.0
323,8,3.0
323,9,4.0
323,12,4.0
323,14,4.0
324,2,4.0
324,3,4.0
324,5,5.0
324,7,4.0
324,8,5.0
324,11,4.0
324,12,4.0
324,15,1.0
305,2,5.0
305,3,5.0
305,4,4.0
305,5,5.0
305,6,5.0
305,7,5.0
305,8,5.0
305,11,2.0
305,12,5.0
305,13,4.0
305,15,2.0
305,16,2.0
325,2,4.0
325,3,4.0
325,7,4.0
325,8,4.0
325,11,4.0
325,12,5.0
325,15,3.0
326,4,4.0
326,5,4.0
326,8,4.0
326,11,5.0
326,15,1.0
326,17,4.0
326,18,5.0
327,2,4.0
327,3,5.0
327,5,5.0
327,7,3.0
327,8,5.0
327,11,5.0
327,14,3.0
327,15,5.0
327,16,5.0
327,19,4.0
328,1,3.0
328,2,3.0
328,3,3.0
328,5,4.0
328,7,1.0
328,9,4.0
328,10,3.0
328,12,4.0
328,14,4.0
329,2,3.0
329,8,5.0
329,11,4.0
329,14,4.0
302,1,5.0
302,2,5.0
302,3,5.0
302,5,2.0
302,6,3.0
302,7,2.0
302,8,5.0
302,11,2.0
302,12,4.0
302,15,3.0
302,16,5.0
330,1,1.0
330,2,1.0
330,3,2.0
330,4,3.0
330,5,4.0
330,6,2.0
330,7,2.0
330,8,4.0
330,9,3.0
330,10,3.0
330,11,3.0
330,12,2.0
330,13,2.0
330,14,5.0
330,15,5.0
330,16,3.0
330,17,3.0
330,18,4.0
330,19,2.0
330,20,5.0
331,2,4.0
331,5,4.0
331,7,5.0
331,8,4.0
331,11,4.0
331,12,3.0
331,15,4.0
331,16,5.0
331,18,3.0
332,1,3.0
332,2,3.0
332,3,4.0
332,4,4.0
332,5,4.0
332,7,4.0
332,8,3.0
332,10,4.0
332,11,5.0
332,12,4.0
332,14,4.0
332,15,4.0
332,16,4.0
332,18,4.0
333,1,4.0
333,2,4.0
333,3,4.0
333,4,4.0
333,5,4.0
333,6,4.0
333,7,4.0
333,8,4.0
333,9,4.0
333,10,3.0
333,11,4.0
333,12,5.0
333,13,4.0
333,14,4.0
333,15,5.0
333,16,5.0
333,17,3.0
333,18,3.0
333,19,3.0
333,20,3.0
334,1,5.0
334,2,5.0
334,3,5.0
334,7,3.0
334,8,4.0
334,11,3.0
334,12,5.0
335,1,3.0
335,2,4.0
335,3,4.0
335,5,5.0
335,7,3.0
335,8,3.0
335,11,3.0
335,12,4.0
335,14,5.0
335,15,1.0
336,1,3.0
336,3,4.0
336,6,3.0
336,7,3.0
336,8,4.0
336,11,3.0
336,13,3.0
336,15,1.0
336,16,4.0
337,1,4.0
337,2,5.0
337,3,5.0
337,4,3.0
337,5,4.0
337,6,3.0
337,7,3.0
337,8,4.0
337,9,3.0
337,10,3.0
337,11,4.0
337,12,3.0
337,13,3.0
337,14,3.0
337,15,3.0
337,16,4.0
337,17,4.0
337,18,3.0
337,19,3.0
337,20,3.0
338,1,3.0
338,2,4.0
338,3,4.0
338,5,3.0
338,6,3.0
338,7,2.0
338,8,3.0
338,11,3.0
338,12,3.0
338,14,3.0
338,15,1.0
338,16,4.0
339,5,5.0
339,7,5.0
339,8,5.0
339,10,4.0
339,11,5.0
339,12,4.0
339,14,3.0
339,15,3.0
339,16,2.0
339,18,4.0
339,19,4.0
339,20,4.0
340,1,4.0
340,2,3.0
340,3,3.0
340,4,3.0
340,5,3.0
340,6,3.0
340,7,2.0
340,8,1.0
340,9,4.0
340,10,5.0
340,11,5.0
340,12,4.0
340,13,3.0
340,14,4.0
340,15,1.0
340,16,3.0
340,17,3.0
340,18,2.0
340,19,2.0
340,20,1.0
341,3,4.0
341,4,4.0
341,5,4.0
341,6,4.0
341,15,2.0
342,2,5.0
342,3,5.0
342,12,5.0
342,14,5.0
342,15,5.0
343,1,3.0
343,2,3.0
343,3,4.0
343,4,4.0
343,5,4.0
343,6,4.0
343,7,4.0
343,8,4.0
343,10,4.0
343,12,3.0
343,13,4.0
343,14,4.0
343,15,4.0
343,16,3.0
343,17,3.0
343,18,3.0
343,19,3.0
343,20,3.0
344,2,5.0
344,3,4.0
344,5,4.0
344,7,4.0
344,11,3.0
344,14,3.0
344,15,2.0
344,16,3.0
345,1,5.0
345,2,5.0
345,3,5.0
345,5,5.0
345,7,4.0
345,8,5.0
345,11,4.0
345,12,4.0
345,15,2.0
345,16,2.0
344,2,5.0
344,3,4.0
344,5,5.0
344,7,4.0
344,11,3.0
344,14,3.0
344,15,2.0
344,16,3.0
346,2,5.0
346,7,4.0
346,8,2.0
347,3,3.0
347,5,4.0
347,7,5.0
347,8,4.0
347,11,2.0
347,15,4.0
347,16,1.0
348,1,5.0
348,2,5.0
348,3,5.0
348,4,5.0
348,7,5.0
348,8,4.0
348,9,3.0
348,10,3.0
348,12,5.0
348,15,1.0
349,2,5.0
349,3,4.0
349,5,5.0
349,7,4.0
349,8,4.0
349,11,4.0
349,15,2.0
349,16,5.0
350,1,5.0
350,2,5.0
350,3,4.0
350,5,3.0
350,7,4.0
350,8,5.0
350,11,4.0
350,15,3.0
350,16,3.0
351,1,5.0
351,2,4.0
351,3,5.0
351,4,4.0
351,5,4.0
351,6,4.0
351,7,4.0
351,8,5.0
351,11,5.0
351,12,5.0
351,14,4.0
351,15,4.0
351,16,5.0
351,17,5.0
352,1,4.0
352,2,5.0
352,3,5.0
352,5,4.0
352,7,4.0
352,8,3.0
352,11,3.0
352,12,5.0
352,14,3.0
352,15,2.0
352,16,3.0
353,3,5.0
353,4,5.0
353,5,5.0
353,6,5.0
353,7,5.0
353,8,5.0
353,10,5.0
353,11,4.0
353,12,4.0
353,13,5.0
353,14,5.0
353,15,3.0
353,16,4.0
353,17,5.0
353,18,5.0
353,19,5.0
353,20,5.0
354,1,5.0
354,3,5.0
354,5,5.0
354,6,1.0
354,7,4.0
354,8,4.0
354,11,4.0
354,12,3.0
354,14,3.0
354,15,2.0
354,16,4.0
355,3,5.0
355,5,5.0
355,8,2.0
356,1,4.0
356,2,4.0
356,3,5.0
356,4,4.0
356,5,4.0
356,7,4.0
356,8,4.0
356,12,5.0
357,2,5.0
357,3,5.0
357,5,5.0
357,7,3.0
357,8,3.0
357,12,3.0
357,15,1.0
358,2,5.0
358,3,4.0
358,5,3.0
358,7,5.0
358,8,5.0
358,18,4.0
358,20,5.0
359,1,5.0
359,2,5.0
359,3,5.0
359,4,3.0
359,5,4.0
359,6,3.0
359,7,5.0
359,8,3.0
359,9,3.0
359,10,4.0
359,11,5.0
359,12,5.0
359,13,4.0
359,14,3.0
359,15,2.0
359,16,4.0
359,17,4.0
359,18,2.0
359,19,2.0
359,20,2.0
360,5,4.0
360,7,4.0
360,8,5.0
360,15,5.0
360,16,4.0
361,2,5.0
361,3,5.0
361,5,4.0
361,7,4.0
361,9,5.0
361,10,5.0
361,11,4.0
361,12,5.0
361,14,4.0
361,15,3.0
361,16,5.0
362,3,4.0
362,5,5.0
362,7,3.0
362,11,4.0
362,15,5.0
363,1,3.0
363,2,4.0
363,4,4.0
363,6,4.0
363,9,4.0
363,10,4.0
363,11,5.0
363,12,4.0
363,13,4.0
363,14,5.0
363,20,4.0
364,1,4.0
364,2,5.0
364,3,5.0
364,5,4.0
364,7,3.0
364,8,4.0
364,11,4.0
364,12,5.0
364,14,4.0
364,15,1.0
364,16,3.0
365,1,5.0
365,3,5.0
365,4,5.0
365,5,5.0
365,8,5.0
365,12,5.0
365,14,5.0
365,15,4.0
366,2,5.0
366,5,4.0
366,7,3.0
366,8,4.0
366,12,5.0
366,16,5.0
366,19,4.0
366,20,4.0
367,2,5.0
367,3,3.0
367,5,4.0
367,7,5.0
367,8,5.0
367,11,3.0
367,15,3.0
367,16,1.0
368,1,4.0
368,2,5.0
368,3,5.0
368,4,1.0
368,5,3.0
368,6,3.0
368,7,5.0
368,8,4.0
368,9,5.0
368,10,3.0
368,11,3.0
368,12,5.0
368,13,3.0
368,14,4.0
368,15,2.0
368,16,4.0
368,17,2.0
368,18,2.0
368,19,2.0
368,20,2.0
369,1,5.0
369,4,4.0
369,5,5.0
369,7,5.0
369,8,4.0
369,14,5.0
369,15,3.0
369,16,5.0
370,1,4.0
370,2,5.0
370,3,4.0
370,4,4.0
370,5,3.0
370,6,4.0
370,7,4.0
370,8,4.0
370,9,3.0
370,10,3.0
370,11,4.0
370,12,3.0
370,13,4.0
370,14,3.0
370,15,3.0
370,16,3.0
370,17,4.0
370,18,3.0
370,19,3.0
370,20,4.0
371,1,3.0
371,2,4.0
371,3,4.0
371,4,4.0
371,5,5.0
371,6,3.0
371,7,5.0
371,8,5.0
371,9,2.0
371,10,3.0
371,11,5.0
371,13,2.0
371,15,3.0
371,16,3.0
371,17,4.0
371,19,3.0
372,1,4.0
372,3,5.0
372,4,4.0
372,5,5.0
372,7,4.0
372,8,3.0
372,11,4.0
372,13,5.0
372,14,5.0
372,15,4.0
372,16,5.0
372,18,4.0
372,19,4.0
372,20,5.0
373,1,4.0
373,3,4.0
373,5,5.0
373,8,3.0
373,10,3.0
373,11,3.0
373,13,3.0
373,14,3.0
373,15,4.0
373,16,3.0
374,1,1.0
374,3,2.0
374,5,1.0
374,7,2.0
374,8,1.0
374,11,3.0
374,15,3.0
375,1,4.0
375,2,4.0
375,3,4.0
375,4,4.0
375,5,5.0
375,7,4.0
375,8,4.0
375,9,3.0
375,13,4.0
375,14,4.0
375,15,4.0
375,16,3.0
375,17,4.0
375,18,3.0
375,19,4.0
375,20,5.0
376,1,3.0
376,2,5.0
376,3,4.0
376,5,5.0
376,7,3.0
376,8,4.0
376,11,5.0
376,12,3.0
376,14,5.0
376,15,3.0
377,1,4.0
377,2,4.0
377,3,4.0
377,4,4.0
377,5,5.0
377,7,4.0
377,8,5.0
377,11,5.0
377,12,4.0
377,15,2.0
378,3,4.0
378,5,5.0
378,7,5.0
378,8,4.0
378,15,4.0
378,16,5.0
379,3,4.0
379,5,4.0
379,7,3.0
379,13,3.0
379,15,2.0
379,16,3.0
379,17,2.0
380,3,5.0
380,4,4.0
380,5,5.0
380,8,5.0
380,10,2.0
380,11,5.0
380,15,5.0
380,16,4.0
380,17,4.0
380,18,5.0
380,19,3.0
381,1,3.0
381,2,2.0
381,3,3.0
381,4,4.0
381,5,4.0
381,7,4.0
381,8,3.0
381,10,3.0
381,11,4.0
381,13,4.0
381,14,4.0
381,15,5.0
381,16,4.0
381,17,4.0
381,19,3.0
381,20,3.0
382,5,5.0
382,7,5.0
382,8,5.0
382,15,4.0
382,16,5.0
383,3,4.0
383,4,4.0
383,5,5.0
383,7,5.0
383,8,4.0
383,10,5.0
383,11,4.0
383,15,4.0
383,16,4.0
383,20,3.0
384,1,5.0
384,2,4.0
384,3,3.0
384,4,2.0
384,5,5.0
384,7,3.0
384,8,5.0
384,11,3.0
384,15,5.0
384,16,4.0
385,8,3.0
385,14,5.0
385,15,4.0
386,1,3.0
386,2,4.0
386,3,5.0
386,4,2.0
386,5,5.0
386,6,4.0
386,7,5.0
386,8,5.0
386,9,4.0
386,10,4.0
386,11,5.0
386,12,4.0
386,13,3.0
386,14,3.0
386,15,5.0
386,16,5.0
386,17,3.0
386,18,2.0
386,19,3.0
386,20,2.0
375,1,4.0
375,2,4.0
375,3,5.0
375,4,4.0
375,5,5.0
375,7,4.0
375,8,4.0
375,9,3.0
375,10,3.0
375,11,4.0
375,14,4.0
375,15,4.0
375,16,3.0
375,18,4.0
375,19,4.0
375,20,4.0
387,3,4.0
387,5,5.0
387,7,5.0
387,8,5.0
387,12,5.0
387,15,1.0
388,5,5.0
388,8,3.0
388,15,4.0
389,1,5.0
389,2,3.0
389,3,5.0
389,4,4.0
389,5,5.0
389,8,5.0
389,10,5.0
389,11,3.0
389,12,4.0
389,13,3.0
389,14,3.0
389,15,5.0
389,16,5.0
389,17,5.0
389,18,4.0
389,19,3.0
389,20,3.0
390,2,5.0
390,4,3.0
390,5,4.0
390,6,3.0
390,7,4.0
390,8,4.0
390,10,2.0
390,11,2.0
390,12,3.0
390,13,3.0
390,14,3.0
390,15,2.0
390,16,3.0
390,17,3.0
390,18,3.0
390,19,4.0
390,20,4.0
391,2,5.0
391,3,5.0
391,4,4.0
391,5,5.0
391,6,3.0
391,7,4.0
391,8,5.0
391,9,3.0
391,10,2.0
391,11,5.0
391,12,4.0
391,14,3.0
391,15,5.0
391,16,2.0
391,17,4.0
391,18,5.0
392,1,4.0
392,2,5.0
392,3,3.0
392,5,2.0
392,8,5.0
392,11,3.0
392,12,4.0
392,15,5.0
393,1,3.0
393,2,4.0
393,3,5.0
393,4,5.0
393,5,5.0
393,6,5.0
393,7,5.0
393,8,4.0
393,9,4.0
393,10,4.0
393,11,5.0
393,12,5.0
393,13,5.0
393,14,5.0
393,15,5.0
393,16,5.0
393,17,5.0
393,18,4.0
393,19,4.0
393,20,4.0
394,1,5.0
394,2,5.0
394,3,3.0
394,5,5.0
394,7,5.0
394,8,3.0
394,11,5.0
394,13,1.0
395,1,5.0
395,8,3.0
395,15,3.0
395,20,3.0
396,3,4.0
396,5,5.0
396,7,3.0
396,8,5.0
396,11,4.0
396,13,3.0
396,14,5.0
396,15,2.0
396,16,4.0
397,1,3.0
397,2,5.0
397,3,4.0
397,4,1.0
397,5,1.0
397,6,5.0
397,7,2.0
397,8,4.0
397,9,3.0
397,11,4.0
397,12,5.0
397,15,4.0
398,3,4.0
398,5,3.0
398,8,3.0
398,13,3.0
398,15,3.0
398,16,3.0
399,3,4.0
399,5,4.0
399,7,5.0
399,8,4.0
399,15,5.0
399,16,2.0
400,2,5.0
400,3,5.0
400,5,5.0
400,7,5.0
400,8,5.0
400,11,3.0
400,12,5.0
400,15,3.0
400,16,5.0
401,2,4.0
401,4,3.0
401,5,5.0
401,7,5.0
401,8,4.0
401,11,4.0
401,12,5.0
401,14,5.0
401,16,4.0
402,2,5.0
402,3,5.0
402,5,4.0
402,7,4.0
402,8,3.0
402,11,5.0
402,12,5.0
402,15,3.0
402,16,4.0
403,2,4.0
403,5,2.0
403,7,2.0
403,8,3.0
403,11,2.0
403,12,3.0
403,14,4.0
403,15,2.0
403,16,5.0
404,2,5.0
404,5,5.0
404,7,5.0
404,8,5.0
404,15,3.0
404,16,5.0
405,1,4.0
405,2,4.0
405,3,5.0
405,4,3.0
405,5,4.0
405,8,4.0
405,11,5.0
405,12,5.0
405,14,5.0
405,15,3.0
405,16,4.0
406,3,5.0
406,7,5.0
407,1,4.0
407,3,5.0
407,5,5.0
407,8,3.0
407,10,5.0
407,11,5.0
407,16,2.0
407,17,4.0
408,3,3.0
408,5,4.0
408,10,4.0
408,14,5.0
408,15,5.0
408,16,5.0
408,17,5.0
408,18,3.0
409,1,4.0
409,2,4.0
409,3,5.0
409,4,2.0
409,5,4.0
409,7,5.0
409,8,4.0
409,11,4.0
409,14,4.0
409,17,4.0
410,1,4.0
410,2,3.0
410,3,5.0
410,4,5.0
410,5,3.0
410,7,5.0
410,8,5.0
411,2,4.0
411,3,5.0
411,5,5.0
411,6,5.0
411,7,4.0
411,8,4.0
411,12,5.0
411,13,4.0
411,17,4.0
411,18,4.0
411,19,4.0
411,20,4.0
412,2,5.0
412,3,5.0
412,5,5.0
412,7,5.0
412,8,4.0
412,11,3.0
412,12,5.0
412,15,4.0
412,16,3.0
413,1,5.0
413,2,5.0
413,3,5.0
413,4,5.0
413,5,5.0
413,6,5.0
413,7,5.0
413,8,5.0
413,11,5.0
413,12,4.0
413,13,4.0
413,15,3.0
413,16,2.0
414,3,5.0
414,5,3.0
414,7,4.0
414,8,3.0
414,11,3.0
414,12,4.0
414,15,2.0
414,16,5.0
415,2,4.0
415,3,5.0
415,4,2.0
415,5,5.0
415,7,4.0
415,8,4.0
415,9,3.0
415,11,3.0
415,12,5.0
415,15,1.0
416,2,3.0
416,3,3.0
416,5,4.0
416,8,4.0
416,10,3.0
416,11,4.0
416,12,4.0
416,13,3.0
416,14,3.0
416,15,4.0
416,16,4.0
416,17,3.0
416,18,4.0
417,1,5.0
417,3,5.0
417,5,3.0
417,6,4.0
417,7,4.0
417,8,4.0
417,11,3.0
417,15,2.0
418,1,5.0
418,5,4.0
418,8,4.0
418,11,3.0
418,16,5.0
419,1,5.0
419,2,5.0
419,5,4.0
419,7,2.0
419,8,3.0
419,11,3.0
419,12,5.0
419,13,3.0
419,15,3.0
420,8,5.0
420,20,4.0
421,2,4.0
421,3,4.0
421,5,5.0
421,7,5.0
421,8,5.0
421,11,3.0
421,12,3.0
422,1,3.0
422,2,4.0
422,3,4.0
422,4,3.0
422,5,4.0
422,6,3.0
422,7,5.0
422,8,5.0
422,9,3.0
422,10,3.0
422,11,3.0
422,12,3.0
422,13,3.0
422,14,3.0
422,15,3.0
422,16,1.0
422,17,3.0
422,18,1.0
422,19,3.0
422,20,3.0
423,1,4.0
423,2,5.0
423,3,5.0
423,4,4.0
423,5,5.0
423,6,3.0
423,7,5.0
423,8,5.0
423,9,4.0
423,10,3.0
423,11,3.0
423,12,3.0
423,13,4.0
423,14,5.0
423,15,5.0
423,16,5.0
423,17,4.0
423,18,4.0
423,19,5.0
423,20,5.0
424,2,5.0
424,3,4.0
424,5,2.0
424,8,2.0
424,11,1.0
424,12,4.0
424,15,1.0
424,16,3.0
425,1,5.0
425,2,3.0
425,3,5.0
425,4,3.0
425,5,4.0
425,6,5.0
425,7,3.0
425,8,4.0
425,9,3.0
425,10,4.0
425,11,5.0
425,12,4.0
425,13,4.0
425,14,5.0
425,15,4.0
425,16,5.0
426,2,4.0
426,3,4.0
426,4,4.0
426,5,5.0
426,8,5.0
426,11,5.0
426,14,4.0
426,15,3.0
426,16,4.0
427,3,5.0
427,8,5.0
427,11,5.0
427,15,5.0
427,16,5.0
427,18,5.0
428,5,4.0
428,7,4.0
428,8,5.0
428,13,3.0
428,14,4.0
428,15,2.0
428,16,4.0
428,17,5.0
428,18,5.0
428,19,5.0
428,20,5.0
429,2,5.0
429,5,4.0
429,6,4.0
429,7,4.0
429,8,5.0
429,11,4.0
429,14,3.0
429,15,4.0
430,1,5.0
430,3,4.0
430,5,4.0
430,6,4.0
430,7,4.0
430,8,5.0
430,11,3.0
430,15,2.0
430,16,4.0
431,1,3.0
431,5,4.0
431,8,5.0
431,11,4.0
431,15,3.0
432,3,3.0
432,5,4.0
432,7,5.0
432,8,5.0
432,11,5.0
432,15,3.0
433,5,4.0
433,8,5.0
433,11,5.0
434,2,5.0
434,3,5.0
434,5,5.0
434,6,5.0
434,7,3.0
434,8,5.0
434,14,5.0
434,15,4.0
434,16,5.0
435,1,4.0
435,2,5.0
435,3,5.0
435,5,3.0
435,7,4.0
435,8,4.0
435,9,4.0
435,12,5.0
435,14,5.0
435,16,4.0
436,1,5.0
436,5,3.0
436,7,5.0
436,8,1.0
436,9,5.0
436,11,3.0
436,12,5.0
436,15,1.0
437,2,3.0
437,3,5.0
437,4,5.0
437,5,5.0
437,7,2.0
437,8,5.0
437,11,4.0
437,12,4.0
437,14,2.0
437,15,3.0
437,16,4.0
438,3,5.0
438,5,5.0
438,6,5.0
438,7,5.0
438,8,5.0
438,11,4.0
438,15,5.0
438,16,5.0
439,8,5.0
439,15,5.0
440,1,5.0
440,2,5.0
440,3,5.0
440,4,5.0
440,7,3.0
440,8,5.0
440,9,1.0
440,10,1.0
440,11,5.0
440,13,3.0
440,14,3.0
440,15,5.0
440,16,1.0
440,17,1.0
440,18,1.0
440,19,1.0
440,20,5.0
441,3,5.0
441,4,5.0
441,5,5.0
441,7,4.0
441,8,4.0
441,11,5.0
441,13,5.0
441,15,5.0
441,20,5.0
442,1,3.0
442,2,4.0
442,3,5.0
442,5,4.0
442,8,3.0
442,12,5.0
442,13,4.0
443,1,5.0
443,2,4.0
443,3,5.0
443,4,3.0
443,5,4.0
443,6,3.0
443,7,3.0
443,8,5.0
443,9,3.0
443,10,2.0
443,11,3.0
443,12,2.0
443,13,2.0
443,14,3.0
443,15,4.0
443,16,4.0
443,17,4.0
443,18,3.0
443,19,4.0
443,20,4.0
444,1,3.0
444,2,4.0
444,3,4.0
444,4,3.0
444,5,4.0
444,6,4.0
444,7,3.0
444,8,4.0
444,9,4.0
444,10,3.0
444,11,4.0
444,12,4.0
444,13,3.0
444,14,3.0
444,15,4.0
444,16,5.0
444,17,4.0
444,18,3.0
444,19,3.0
444,20,3.0
445,1,4.0
445,2,4.0
445,3,5.0
445,4,2.0
445,5,3.0
445,6,2.0
445,7,5.0
445,8,5.0
445,9,3.0
445,10,3.0
445,11,4.0
445,12,3.0
445,13,3.0
445,14,3.0
445,15,4.0
445,16,4.0
445,17,3.0
445,18,3.0
445,19,3.0
445,20,3.0
446,2,5.0
446,5,4.0
446,6,4.0
446,7,4.0
446,8,5.0
446,12,5.0
446,13,4.0
446,14,5.0
446,15,3.0
446,16,5.0
447,1,2.0
447,2,2.0
447,3,4.0
447,4,4.0
447,5,5.0
447,8,5.0
447,14,3.0
447,15,5.0
447,17,5.0
447,18,4.0
447,19,2.0
447,20,4.0
